1011;Slussen;1011;59.3195952318672;18.0717401337168;A;METROSTN;2007-08-24 21:20:31.610;2007-08-25 00:00:00.000;;7420101;Slussen T-bana;59.319495066405;18.07233099596
1012;Slussen;1011;59.3195772927918;18.0717389396547;A;METROSTN;2007-08-24 21:20:31.610;2007-08-25 00:00:00.000;;7420101;Slussen T-bana;59.319495066405;18.07233099596
1021;Gamla stan;1021;59.3234014331742;18.0671617033088;A;METROSTN;2007-08-24 21:20:31.610;2007-08-25 00:00:00.000;;7421653;Gamla Stan T-bana;59.323159907568;18.067620259317
1022;Gamla stan;1021;59.3233921590479;18.0671786573678;A;METROSTN;2007-08-24 21:20:31.610;2007-08-25 00:00:00.000;;7421653;Gamla Stan T-bana;59.323159907568;18.067620259317
1051;T-Centralen;1051;59.3313179695727;18.061677395945;A;METROSTN;2009-03-04 18:14:23.857;2009-03-16 00:00:00.000;;7424382;Stockholm Sergels Torg;59.332461884398;18.062509166282
1052;T-Centralen;1051;59.3313353010336;18.0617136935334;A;METROSTN;2009-03-04 18:14:23.857;2009-03-16 00:00:00.000;;7424382;Stockholm Sergels Torg;59.332461884398;18.062509166282
1111;Hötorget;1111;59.3356060415983;18.0629635851759;A;METROSTN;2007-08-24 21:20:31.610;2007-08-25 00:00:00.000;;7421667;Hötorget T-bana;59.335533127153;18.063538980594
1112;Hötorget;1111;59.335615011168;18.0629641802741;A;METROSTN;2007-08-24 21:20:31.610;2007-08-25 00:00:00.000;;7421667;Hötorget T-bana;59.335533127153;18.063538980594
1121;Rådmansgatan;1121;59.3408840007709;18.0578994257178;A;METROSTN;2007-08-24 21:20:31.610;2007-08-25 00:00:00.000;;7421666;Rådmansgatan T-bana;59.340572436376;18.058775537579
1122;Rådmansgatan;1121;59.3408747278047;18.0579163909333;A;METROSTN;2007-08-24 21:20:31.610;2007-08-25 00:00:00.000;;7421666;Rådmansgatan T-bana;59.340572436376;18.058775537579
1131;Odenplan;1131;59.342759471452;18.0486006571;A;METROSTN;2007-08-24 21:20:31.610;2007-08-25 00:00:00.000;;7421013;Odenplan T-bana;59.34295591361;18.049703794269
1132;Odenplan;1131;59.3427666283068;18.0487066097288;A;METROSTN;2007-08-24 21:20:31.610;2007-08-25 00:00:00.000;;7421013;Odenplan T-bana;59.34295591361;18.049703794269
1141;S:t Eriksplan;1141;59.3402934027459;18.0374161430413;A;METROSTN;2007-08-24 21:20:31.610;2007-08-25 00:00:00.000;;7421665;S:t Eriksplan T-bana;59.33965410264;18.036987685686
1142;S:t Eriksplan;1141;59.3402844330259;18.0374155545674;A;METROSTN;2007-08-24 21:20:31.610;2007-08-25 00:00:00.000;;7421665;S:t Eriksplan T-bana;59.33965410264;18.036987685686
1151;Fridhemsplan;1151;59.3329774571265;18.0314880483876;A;METROSTN;2007-08-24 21:20:31.610;2007-08-25 00:00:00.000;;7421661;Fridhemsplan T-bana;59.334371523765;18.032405509717
1152;Fridhemsplan;1151;59.3330474164655;18.0315980746111;A;METROSTN;2007-08-24 21:20:31.610;2007-08-25 00:00:00.000;;7421661;Fridhemsplan T-bana;59.334371523765;18.032405509717
1161;Thorildsplan;1161;59.3314927233366;18.0158378155017;A;METROSTN;2007-08-24 21:20:31.610;2007-08-25 00:00:00.000;;7421664;Thorildsplan T-bana;59.331813719333;18.015437091346
1162;Thorildsplan;1161;59.3315010978377;18.0158735076224;A;METROSTN;2007-08-24 21:20:31.610;2007-08-25 00:00:00.000;;7421664;Thorildsplan T-bana;59.331813719333;18.015437091346
1171;Kristineberg;1171;59.3327224103301;18.0031233049922;A;METROSTN;2007-08-24 21:20:31.610;2007-08-25 00:00:00.000;;7421663;Kristineberg T-bana;59.332811128901;18.003181967988
1172;Kristineberg;1171;59.3327232982302;18.0030706383427;A;METROSTN;2007-08-24 21:20:31.610;2007-08-25 00:00:00.000;;7421663;Kristineberg T-bana;59.332811128901;18.003181967988
1201;Alvik;1201;59.3335280090541;17.9813295834334;A1;METROSTN;2007-08-24 21:20:31.610;2007-08-25 00:00:00.000;;7420755;Alvik T-bana;59.333635487854;17.980264589475
1202;Alvik;1201;59.3335288881571;17.9812769147722;A1;METROSTN;2007-08-24 21:20:31.610;2007-08-25 00:00:00.000;;7420755;Alvik T-bana;59.333635487854;17.980264589475
1211;Stora mossen;1211;59.3346646732939;17.9653558321016;A1;METROSTN;2007-08-24 21:20:31.610;2007-08-25 00:00:00.000;;7421690;Stora Mossen T-bana;59.33453400299;17.966191366456
1212;Stora mossen;1211;59.3346739343435;17.9653388444549;A1;METROSTN;2007-08-24 21:20:31.610;2007-08-25 00:00:00.000;;7421690;Stora Mossen T-bana;59.33453400299;17.966191366456
1221;Abrahamsberg;1221;59.3365630910419;17.9531728536538;A1;METROSTN;2007-08-24 21:20:31.610;2007-08-25 00:00:00.000;;7421689;Abrahamsberg T-bana;59.336683371353;17.952952161338
1222;Abrahamsberg;1221;59.3365630910419;17.9531728536538;A1;METROSTN;2007-08-24 21:20:31.610;2007-08-25 00:00:00.000;;7421689;Abrahamsberg T-bana;59.336683371353;17.952952161338
1231;Brommaplan;1231;59.3382848827362;17.9396416118719;A1;METROSTN;2007-08-24 21:20:31.610;2007-08-25 00:00:00.000;;7420581;Brommaplan T-bana;59.338389786409;17.939261702015
1232;Brommaplan;1231;59.3382848827362;17.9396416118719;A1;METROSTN;2007-08-24 21:20:31.610;2007-08-25 00:00:00.000;;7420581;Brommaplan T-bana;59.338389786409;17.939261702015
1241;Åkeshov;1241;59.3417679847177;17.927045056786;A1;METROSTN;2011-02-02 18:35:39.423;2011-02-03 00:00:00.000;;7421688;Åkeshov T-bana;59.342036251594;17.924899772894
1242;Åkeshov;1241;59.3417483294167;17.9271493044817;A1;METROSTN;2011-02-02 18:35:39.423;2011-02-03 00:00:00.000;;7421688;Åkeshov T-bana;59.342036251594;17.924899772894
1251;Ängbyplan;1251;59.341956515682;17.9070871163616;A1;METROSTN;2007-08-24 21:20:31.610;2007-08-25 00:00:00.000;;7421687;Ängbyplan T-bana;59.341885225153;17.907047763929
1252;Ängbyplan;1251;59.3419461298418;17.9071743692769;A1;METROSTN;2007-08-24 21:20:31.610;2007-08-25 00:00:00.000;;7421687;Ängbyplan T-bana;59.341885225153;17.907047763929
1261;Islandstorget;1261;59.3459947013195;17.8932718445813;A1;METROSTN;2007-08-24 21:20:31.610;2007-08-25 00:00:00.000;;7421686;Islandstorget T-bana;59.345856926345;17.894019574003
1262;Islandstorget;1261;59.3459955449544;17.8932191536046;A1;METROSTN;2007-08-24 21:20:31.610;2007-08-25 00:00:00.000;;7421686;Islandstorget T-bana;59.345856926345;17.894019574003
1271;Blackeberg;1271;59.3483700573948;17.8828507976387;A1;METROSTN;2007-08-24 21:20:31.610;2007-08-25 00:00:00.000;;7421685;Blackeberg T-bana;59.348352862912;17.8827972104
1272;Blackeberg;1271;59.3483700573948;17.8828507976387;A1;METROSTN;2007-08-24 21:20:31.610;2007-08-25 00:00:00.000;;7421685;Blackeberg T-bana;59.348352862912;17.8827972104
1281;Råcksta;1281;59.3545134760517;17.8816258413608;A1;METROSTN;2007-08-24 21:20:31.610;2007-08-25 00:00:00.000;;7421684;Råcksta T-bana;59.354806616895;17.881819802988
1282;Råcksta;1281;59.354495534816;17.8816247459385;A1;METROSTN;2007-08-24 21:20:31.610;2007-08-25 00:00:00.000;;7421684;Råcksta T-bana;59.354806616895;17.881819802988
1301;Vällingby;1301;59.3632773225502;17.8720117901734;A1;METROSTN;2007-08-24 21:20:31.610;2007-08-25 00:00:00.000;;7421683;Vällingby T-bana;59.363249482707;17.872063076115
1302;Vällingby;1301;59.3632683518901;17.8720112448083;A1;METROSTN;2007-08-24 21:20:31.610;2007-08-25 00:00:00.000;;7421683;Vällingby T-bana;59.363249482707;17.872063076115
1303;Vällingby;1301;59.3632036084113;17.8721304367597;A1;METROSTN;2007-08-24 21:20:31.610;2007-08-25 00:00:00.000;;7421683;Vällingby T-bana;59.363249482707;17.872063076115
1304;Vällingby;1301;59.3632218281459;17.8721139547567;A1;METROSTN;2007-08-24 21:20:31.610;2007-08-25 00:00:00.000;;7421683;Vällingby T-bana;59.363249482707;17.872063076115
1311;Johannelund;1311;59.3679232410131;17.8581326256504;A1;METROSTN;2007-08-24 21:20:31.610;2007-08-25 00:00:00.000;;7421682;Johannelund T-bana;59.367942626092;17.857465506257
1312;Johannelund;1311;59.3679229644678;17.858150201029;A1;METROSTN;2007-08-24 21:20:31.610;2007-08-25 00:00:00.000;;7421682;Johannelund T-bana;59.367942626092;17.857465506257
1321;Hässelby gård;1321;59.3670448853454;17.8442877712719;A1;METROSTN;2007-08-24 21:20:31.610;2007-08-25 00:00:00.000;;7421681;Hässelby Gård T-bana;59.366900253533;17.843769151641
1322;Hässelby gård;1321;59.3670701496739;17.8443948361975;A1;METROSTN;2007-08-24 21:20:31.610;2007-08-25 00:00:00.000;;7421681;Hässelby Gård T-bana;59.366900253533;17.843769151641
1331;Hässelby strand;1331;59.3617428105456;17.8324667161467;A1;METROSTN;2007-08-24 21:20:31.610;2007-08-25 00:00:00.000;;7421680;Hässelby Strand T-bana;59.36128656816;17.832351779245
1332;Hässelby strand;1331;59.3617428105456;17.8324667161467;A1;METROSTN;2007-08-24 21:20:31.610;2007-08-25 00:00:00.000;;7421680;Hässelby Strand T-bana;59.36128656816;17.832351779245
1511;Medborgarplatsen;1511;59.3148923778757;18.0726216304993;A;METROSTN;2007-08-24 21:20:31.610;2007-08-25 00:00:00.000;;7421654;Medborgarplatsen T-bana;59.31433731927;18.073550993902
1512;Medborgarplatsen;1511;59.3149016526865;18.0726046821183;A;METROSTN;2007-08-24 21:20:31.610;2007-08-25 00:00:00.000;;7421654;Medborgarplatsen T-bana;59.31433731927;18.073550993902
1521;Skanstull;1521;59.3084969588908;18.0758138335328;A;METROSTN;2007-08-24 21:20:31.610;2007-08-25 00:00:00.000;;7421655;Skanstull T-bana;59.307852080991;18.07622767977
1522;Skanstull;1521;59.3085062341005;18.0757968891732;A;METROSTN;2007-08-24 21:20:31.610;2007-08-25 00:00:00.000;;7421655;Skanstull T-bana;59.307852080991;18.07622767977
1551;Gullmarsplan;1551;59.2991845845377;18.0809698510231;A2;METROSTN;2007-08-24 21:20:31.610;2007-08-25 00:00:00.000;;7421705;Gullmarsplan T-bana;59.299116105095;18.080772352376
1552;Gullmarsplan;1551;59.2991663391714;18.0809861904004;A2;METROSTN;2007-08-24 21:20:31.610;2007-08-25 00:00:00.000;;7421705;Gullmarsplan T-bana;59.299116105095;18.080772352376
1553;Gullmarsplan;1551;59.2991394306454;18.0809843934601;A2;METROSTN;2007-08-24 21:20:31.610;2007-08-25 00:00:00.000;;7421705;Gullmarsplan T-bana;59.299116105095;18.080772352376
1554;Gullmarsplan;1551;59.2991301547859;18.0810013317921;A2;METROSTN;2007-08-24 21:20:31.610;2007-08-25 00:00:00.000;;7421705;Gullmarsplan T-bana;59.299116105095;18.080772352376
1601;Skärmarbrink;1601;59.2952665052658;18.0903639324249;A2;METROSTN;2007-08-24 21:20:31.610;2007-08-25 00:00:00.000;;7421704;Skärmarbrink T-bana;59.295363845785;18.090440891894
1602;Skärmarbrink;1601;59.2952665052658;18.0903639324249;A2;METROSTN;2007-08-24 21:20:31.610;2007-08-25 00:00:00.000;;7421704;Skärmarbrink T-bana;59.295363845785;18.090440891894
1603;Skärmarbrink;1601;59.2952850593729;18.0903300646994;A2;METROSTN;2007-08-24 21:20:31.610;2007-08-25 00:00:00.000;;7421704;Skärmarbrink T-bana;59.295363845785;18.090440891894
1604;Skärmarbrink;1601;59.2952757823204;18.0903469985668;A2;METROSTN;2007-08-24 21:20:31.610;2007-08-25 00:00:00.000;;7421704;Skärmarbrink T-bana;59.295363845785;18.090440891894
1611;Globen;1611;59.2942434517863;18.078006656408;A2;METROSTN;2007-08-24 21:20:31.610;2007-08-25 00:00:00.000;;7421706;Globen T-bana;59.294279848735;18.077974182502
1612;Globen;1611;59.2942521153853;18.0780247893256;A2;METROSTN;2007-08-24 21:20:31.610;2007-08-25 00:00:00.000;;7421706;Globen T-bana;59.294279848735;18.077974182502
1621;Enskede gård;1621;59.2890605224082;18.0703592697907;A2;METROSTN;2007-08-24 21:20:31.610;2007-08-25 00:00:00.000;;7421707;Enskede Gård T-bana;59.28939382856;18.070293861278
1622;Enskede gård;1621;59.2889965157191;18.0704252270971;A2;METROSTN;2007-08-24 21:20:31.610;2007-08-25 00:00:00.000;;7421707;Enskede Gård T-bana;59.28939382856;18.070293861278
1631;Sockenplan;1631;59.2836097046743;18.0708746681196;A2;METROSTN;2007-08-24 21:20:31.610;2007-08-25 00:00:00.000;;7421708;Sockenplan T-bana;59.283300249641;18.070591074057
1632;Sockenplan;1631;59.2836360035667;18.0709115149055;A2;METROSTN;2007-08-24 21:20:31.610;2007-08-25 00:00:00.000;;7421708;Sockenplan T-bana;59.283300249641;18.070591074057
1641;Svedmyra;1641;59.2780209788515;18.0679591281758;A2;METROSTN;2007-08-24 21:20:31.610;2007-08-25 00:00:00.000;;7421709;Svedmyra T-bana;59.277638401705;18.067232092811
1642;Svedmyra;1641;59.2780033441433;18.067940411466;A2;METROSTN;2007-08-24 21:20:31.610;2007-08-25 00:00:00.000;;7421709;Svedmyra T-bana;59.277638401705;18.067232092811
1651;Stureby;1651;59.2746253315971;18.0555927213778;A2;METROSTN;2007-08-24 21:20:31.610;2007-08-25 00:00:00.000;;7421710;Stureby T-bana;59.274597723736;18.05562619957
1652;Stureby;1651;59.2746324841179;18.0556984632353;A2;METROSTN;2007-08-24 21:20:31.610;2007-08-25 00:00:00.000;;7421710;Stureby T-bana;59.274597723736;18.05562619957
1661;Bandhagen;1661;59.2704172546875;18.0496663734563;A2;METROSTN;2007-08-24 21:20:31.610;2007-08-25 00:00:00.000;;7421711;Bandhagen T-bana;59.270402242495;18.049490167426
1662;Bandhagen;1661;59.2703906475053;18.0496470803509;A2;METROSTN;2007-08-24 21:20:31.610;2007-08-25 00:00:00.000;;7421711;Bandhagen T-bana;59.270402242495;18.049490167426
1701;Högdalen;1701;59.2637694811525;18.0430377645191;A2;METROSTN;2011-02-02 18:35:39.423;2011-02-03 00:00:00.000;;7421712;Högdalen T-bana;59.263796899747;18.043004693069
1702;Högdalen;1701;59.2636992284482;18.0429454614063;A2;METROSTN;2011-02-02 18:35:39.423;2011-02-03 00:00:00.000;;7421712;Högdalen T-bana;59.263796899747;18.043004693069
1703;Högdalen;1701;59.2636992284482;18.0429454614063;A2;METROSTN;2011-02-02 18:35:39.423;2011-02-03 00:00:00.000;;7421712;Högdalen T-bana;59.263796899747;18.043004693069
1711;Rågsved;1711;59.256727882961;18.0284423903645;A2;METROSTN;2007-08-24 21:20:31.610;2007-08-25 00:00:00.000;;7421713;Rågsved T-bana;59.256580386923;18.028134889433
1712;Rågsved;1711;59.2566677859511;18.0282806560861;A2;METROSTN;2007-08-24 21:20:31.610;2007-08-25 00:00:00.000;;7421713;Rågsved T-bana;59.256580386923;18.028134889433
1721;Hagsätra;1721;59.2616540155546;18.0133647845575;A2;METROSTN;2011-02-02 18:35:39.423;2011-02-03 00:00:00.000;;7421714;Hagsätra T-bana;59.262728421962;18.012487419555
1811;Blåsut;1811;59.2911845752486;18.0911610763173;A2;METROSTN;2007-08-24 21:20:31.610;2007-08-25 00:00:00.000;;7421703;Blåsut T-bana;59.290243304539;18.091063062479
1812;Blåsut;1811;59.2911490051164;18.0911411373671;A2;METROSTN;2007-08-24 21:20:31.610;2007-08-25 00:00:00.000;;7421703;Blåsut T-bana;59.290243304539;18.091063062479
1821;Sandsborg;1821;59.2856752641979;18.0919325152216;A2;METROSTN;2007-08-24 21:20:31.610;2007-08-25 00:00:00.000;;7421702;Sandsborg T-bana;59.284787237712;18.092382133831
1822;Sandsborg;1821;59.2856752641979;18.0919325152216;A2;METROSTN;2007-08-24 21:20:31.610;2007-08-25 00:00:00.000;;7421702;Sandsborg T-bana;59.284787237712;18.092382133831
1831;Skogskyrkogården;1831;59.278967026605;18.0955186440811;A2;METROSTN;2007-08-24 21:20:31.610;2007-08-25 00:00:00.000;;7421701;Skogskyrkogården T-bana;59.279191786137;18.095498851906
1832;Skogskyrkogården;1831;59.278967026605;18.0955186440811;A2;METROSTN;2007-08-24 21:20:31.610;2007-08-25 00:00:00.000;;7421701;Skogskyrkogården T-bana;59.279191786137;18.095498851906
1841;Tallkrogen;1841;59.2712662581288;18.0855632676199;A2;METROSTN;2007-08-24 21:20:31.610;2007-08-25 00:00:00.000;;7421700;Tallkrogen T-bana;59.271135611453;18.085326680966
1842;Tallkrogen;1841;59.2712489328434;18.085527022734;A2;METROSTN;2007-08-24 21:20:31.610;2007-08-25 00:00:00.000;;7421700;Tallkrogen T-bana;59.271135611453;18.085326680966
1851;Gubbängen;1851;59.2633249973453;18.0821386289815;A2;METROSTN;2007-08-24 21:20:31.610;2007-08-25 00:00:00.000;;7421699;Gubbängen T-bana;59.262877652196;18.082038836488
1852;Gubbängen;1851;59.2633249973453;18.0821386289815;A2;METROSTN;2007-08-24 21:20:31.610;2007-08-25 00:00:00.000;;7421699;Gubbängen T-bana;59.262877652196;18.082038836488
1861;Hökarängen;1861;59.257930702304;18.0824977977478;A2;METROSTN;2007-08-24 21:20:31.610;2007-08-25 00:00:00.000;;7421698;Hökarängen T-bana;59.257921639639;18.082497402633
1862;Hökarängen;1861;59.2579214263221;18.0825147154676;A2;METROSTN;2007-08-24 21:20:31.610;2007-08-25 00:00:00.000;;7421698;Hökarängen T-bana;59.257921639639;18.082497402633
1871;Farsta;1871;59.2448136773402;18.092579257622;A2;METROSTN;2007-08-24 21:20:31.610;2007-08-25 00:00:00.000;;7421697;Farsta T-bana;59.243552971924;18.093283850487
1872;Farsta;1871;59.2447406902721;18.0926444886968;A2;METROSTN;2007-08-24 21:20:31.610;2007-08-25 00:00:00.000;;7421697;Farsta T-bana;59.243552971924;18.093283850487
1881;Farsta strand;1881;59.2355276839787;18.1012808998302;A2;METROSTN;2011-02-02 18:35:39.423;2011-02-03 00:00:00.000;;7421696;Farsta Strand T-bana;59.235007681574;18.101736860076
1911;Hammarbyhöjden;1911;59.2947468751807;18.1045842465446;A2;METROSTN;2007-08-24 21:20:31.610;2007-08-25 00:00:00.000;;7421695;Hammarbyhöjden T-bana;59.294765339847;18.104550590673
1912;Hammarbyhöjden;1911;59.2947478037077;18.1045316422399;A2;METROSTN;2007-08-24 21:20:31.610;2007-08-25 00:00:00.000;;7421695;Hammarbyhöjden T-bana;59.294765339847;18.104550590673
1921;Björkhagen;1921;59.2916379462396;18.1153458345805;A2;METROSTN;2007-08-24 21:20:31.610;2007-08-25 00:00:00.000;;7421694;Björkhagen T-bana;59.291113901981;18.115521177095
1922;Björkhagen;1921;59.2916651651009;18.1153301250575;A2;METROSTN;2007-08-24 21:20:31.610;2007-08-25 00:00:00.000;;7421694;Björkhagen T-bana;59.291113901981;18.115521177095
1931;Kärrtorp;1931;59.2844869643159;18.114492779962;A2;METROSTN;2007-08-24 21:20:31.610;2007-08-25 00:00:00.000;;7421693;Kärrtorp T-bana;59.284505120648;18.114476668941
1932;Kärrtorp;1931;59.2845321217237;18.1144782877982;A2;METROSTN;2007-08-24 21:20:31.610;2007-08-25 00:00:00.000;;7421693;Kärrtorp T-bana;59.284505120648;18.114476668941
1941;Bagarmossen;1941;59.2768259417782;18.1322049162996;A2;METROSTN;2007-08-24 21:20:31.610;2007-08-25 00:00:00.000;;7421692;Bagarmossen T-bana;59.276264343421;18.131464960742
1942;Bagarmossen;1941;59.2768445065543;18.1321710896897;A2;METROSTN;2007-08-24 21:20:31.610;2007-08-25 00:00:00.000;;7421692;Bagarmossen T-bana;59.276264343421;18.131464960742
1951;Skarpnäck;1951;59.2674273060875;18.1335110441534;A2;METROSTN;2011-02-02 18:35:39.423;2011-02-03 00:00:00.000;;7421691;Skarpnäck T-bana;59.266819498894;18.133346989795
2011;Slussen;1011;59.3195098086102;18.0714884925614;A;METROSTN;2007-08-24 21:20:31.610;2007-08-25 00:00:00.000;;7420101;Slussen T-bana;59.319495066405;18.07233099596
2012;Slussen;1011;59.3194556862381;18.0715024586826;A;METROSTN;2007-08-24 21:20:31.610;2007-08-25 00:00:00.000;;7420101;Slussen T-bana;59.319495066405;18.07233099596
2021;Gamla stan;1021;59.3231858591482;18.0671649513102;A;METROSTN;2007-08-24 21:20:31.610;2007-08-25 00:00:00.000;;7421653;Gamla Stan T-bana;59.323159907568;18.067620259317
2022;Gamla stan;1021;59.3231676154608;18.067181309347;A;METROSTN;2007-08-24 21:20:31.610;2007-08-25 00:00:00.000;;7421653;Gamla Stan T-bana;59.323159907568;18.067620259317
2051;T-Centralen;1051;59.3312699247934;18.061340300048;A;METROSTN;2009-03-04 18:14:23.857;2009-03-16 00:00:00.000;;7420749;T-Centralen T-bana;59.330946576895;18.059262909921
2052;T-Centralen;1051;59.3313401624201;18.0614328273147;A;METROSTN;2009-03-04 18:14:23.857;2009-03-16 00:00:00.000;;7420749;T-Centralen T-bana;59.330946576895;18.059262909921
2101;Östermalmstorg;2101;59.3349688289651;18.0763846822604;A;METROSTN;2007-08-24 21:20:31.610;2007-08-25 00:00:00.000;;7421651;Östermalmstorg T-bana;59.334972903044;18.074082676699
2102;Östermalmstorg;2101;59.3349688289651;18.0763846822604;A;METROSTN;2007-08-24 21:20:31.610;2007-08-25 00:00:00.000;;7421651;Östermalmstorg T-bana;59.334972903044;18.074082676699
2111;Karlaplan;2111;59.3389882958728;18.0919988929512;A;METROSTN;2007-08-24 21:20:31.610;2007-08-25 00:00:00.000;;7421650;Karlaplan T-bana;59.338810580686;18.090862146425
2112;Karlaplan;2111;59.3389882958728;18.0919988929512;A;METROSTN;2007-08-24 21:20:31.610;2007-08-25 00:00:00.000;;7421650;Karlaplan T-bana;59.338810580686;18.090862146425
2121;Gärdet;2121;59.3451607693973;18.0989717802572;A;METROSTN;2007-08-24 21:20:31.610;2007-08-25 00:00:00.000;;7446012;Kampementsbacken;59.345712163646;18.101822282984
2122;Gärdet;2121;59.3451783991449;18.0989905507192;A;METROSTN;2007-08-24 21:20:31.610;2007-08-25 00:00:00.000;;7446012;Kampementsbacken;59.345712163646;18.101822282984
2132;Ropsten;2131;59.3574035908516;18.1023655334333;A;METROSTN;2007-08-24 21:20:31.610;2007-08-25 00:00:00.000;;7420757;Ropsten T-bana;59.357298341529;18.102217928879
2211;Stadion;2211;59.3408076158202;18.081942747923;A;METROSTN;2007-08-24 21:20:31.610;2007-08-25 00:00:00.000;;7445963;Nybrogatan;59.340496351598;18.081763916479
2212;Stadion;2211;59.3407986463753;18.0819421476987;A;METROSTN;2007-08-24 21:20:31.610;2007-08-25 00:00:00.000;;7445963;Nybrogatan;59.340496351598;18.081763916479
2221;Tekniska högskolan;2221;59.3465411448283;18.0693156587631;A;METROSTN;2007-08-24 21:20:31.610;2007-08-25 00:00:00.000;;7420750;Stockholm Östra station;59.346113260968;18.071713700373
2222;Tekniska högskolan;2221;59.3465408399007;18.069333220653;A;METROSTN;2007-08-24 21:20:31.610;2007-08-25 00:00:00.000;;7420750;Stockholm Östra station;59.346113260968;18.071713700373
2231;Universitetet;2231;59.3653610180559;18.054894796711;A;METROSTN;2007-08-24 21:20:31.610;2007-08-25 00:00:00.000;;7421645;Universitetet T-bana;59.36556752848;18.054891083238
2232;Universitetet;2231;59.3653520484776;18.0548942030382;A;METROSTN;2007-08-24 21:20:31.610;2007-08-25 00:00:00.000;;7421645;Universitetet T-bana;59.36556752848;18.054891083238
2241;Bergshamra;2241;59.3807370944218;18.037486087639;A1;METROSTN;2007-08-24 21:20:31.610;2007-08-25 00:00:00.000;;7421644;Bergshamra T-bana;59.381507892964;18.036516145507
2242;Bergshamra;2241;59.3807188543491;18.0375024887005;A1;METROSTN;2007-08-24 21:20:31.610;2007-08-25 00:00:00.000;;7421644;Bergshamra T-bana;59.381507892964;18.036516145507
2251;Danderyds sjukhus;2251;59.3905058083582;18.0417548416228;A1;METROSTN;2008-07-14 11:31:30.320;2008-08-18 00:00:00.000;;7410232;Danderyd sjukhus T-bana;59.391904143053;18.04137181006
2252;Danderyds sjukhus;2251;59.3907288435254;18.0418399519207;A1;METROSTN;2008-07-14 11:31:30.320;2008-08-18 00:00:00.000;;7410232;Danderyd sjukhus T-bana;59.391904143053;18.04137181006
2302;Mörby centrum;2301;59.3982038728823;18.0368913403652;A1;METROSTN;2007-08-24 21:20:31.610;2007-08-25 00:00:00.000;;7445596;Mörby centrum E18;59.398126910364;18.037185839176
2511;Mariatorget;2511;59.317014373977;18.0621173620196;A;METROSTN;2007-08-24 21:20:31.610;2007-08-25 00:00:00.000;;7421656;Mariatorget T-bana;59.316957734291;18.063308364667
2512;Mariatorget;2511;59.317014373977;18.0621173620196;A;METROSTN;2007-08-24 21:20:31.610;2007-08-25 00:00:00.000;;7421656;Mariatorget T-bana;59.316957734291;18.063308364667
2521;Zinkensdamm;2521;59.3177049161631;18.049690409772;A;METROSTN;2007-08-24 21:20:31.610;2007-08-25 00:00:00.000;;7421657;Zinkensdamm T-bana;59.31777769239;18.050152163533
2522;Zinkensdamm;2521;59.3177046139674;18.0497079570259;A;METROSTN;2007-08-24 21:20:31.610;2007-08-25 00:00:00.000;;7421657;Zinkensdamm T-bana;59.31777769239;18.050152163533
2531;Hornstull;2531;59.315963298087;18.0355402102769;A;METROSTN;2007-08-24 21:20:31.610;2007-08-25 00:00:00.000;;7421658;Hornstull T-bana;59.315836534666;18.03402143204
2532;Hornstull;2531;59.3159298212199;18.0353974885617;A;METROSTN;2007-08-24 21:20:31.610;2007-08-25 00:00:00.000;;7421658;Hornstull T-bana;59.315836534666;18.03402143204
2601;Liljeholmen;2601;59.3107413851377;18.0231848932754;A2;METROSTN;2007-08-24 21:20:31.610;2007-08-25 00:00:00.000;;7404046;Liljeholmen T-bana;59.310706308603;18.023130128739
2602;Liljeholmen;2601;59.3107069987393;18.0230948373052;A2;METROSTN;2011-02-02 18:35:39.423;2011-02-03 00:00:00.000;;7404046;Liljeholmen T-bana;59.310706308603;18.023130128739
2603;Liljeholmen;2601;59.3107069987393;18.0230948373052;A2;METROSTN;2011-02-02 18:35:39.423;2011-02-03 00:00:00.000;;7404046;Liljeholmen T-bana;59.310706308603;18.023130128739
2604;Liljeholmen;2601;59.310646897032;18.022932853809;A2;METROSTN;2011-02-02 18:35:39.423;2011-02-03 00:00:00.000;;7404046;Liljeholmen T-bana;59.310706308603;18.023130128739
2611;Aspudden;2611;59.3063615666119;18.0018439973042;A2;METROSTN;2007-08-24 21:20:31.610;2007-08-25 00:00:00.000;;7421720;Aspudden T-bana;59.306449004454;18.001445939037
2612;Aspudden;2611;59.3063624537566;18.0017913713637;A2;METROSTN;2007-08-24 21:20:31.610;2007-08-25 00:00:00.000;;7421720;Aspudden T-bana;59.306449004454;18.001445939037
2621;Örnsberg;2621;59.3054346745305;17.9891406576956;A2;METROSTN;2007-08-24 21:20:31.610;2007-08-25 00:00:00.000;;7421721;Örnsberg T-bana;59.305532370252;17.989199810711
2622;Örnsberg;2621;59.3054259984749;17.9891225410984;A2;METROSTN;2007-08-24 21:20:31.610;2007-08-25 00:00:00.000;;7421721;Örnsberg T-bana;59.305532370252;17.989199810711
2631;Axelsberg;2631;59.3043773365952;17.9755693156624;A2;METROSTN;2007-08-24 21:20:31.610;2007-08-25 00:00:00.000;;7421722;Axelsberg T-bana;59.304415461608;17.975431474213
2632;Axelsberg;2631;59.3043790896045;17.9754640680675;A2;METROSTN;2007-08-24 21:20:31.610;2007-08-25 00:00:00.000;;7421722;Axelsberg T-bana;59.304415461608;17.975431474213
2641;Mälarhöjden;2641;59.3012518260655;17.9577418116124;A2;METROSTN;2007-08-24 21:20:31.610;2007-08-25 00:00:00.000;;7421723;Mälarhöjden T-bana;59.300918106941;17.957281992531
2642;Mälarhöjden;2641;59.3012171041022;17.957669385878;A2;METROSTN;2007-08-24 21:20:31.610;2007-08-25 00:00:00.000;;7421723;Mälarhöjden T-bana;59.300918106941;17.957281992531
2651;Bredäng;2651;59.2948026000344;17.9360054919832;A2;METROSTN;2007-08-24 21:20:31.610;2007-08-25 00:00:00.000;;7421724;Bredäng T-bana;59.294838341382;17.93381359358
2652;Bredäng;2651;59.2948020263878;17.9360405655664;A2;METROSTN;2007-08-24 21:20:31.610;2007-08-25 00:00:00.000;;7421724;Bredäng T-bana;59.294838341382;17.93381359358
2701;Sätra;2701;59.2850604024321;17.9210937554225;A2;METROSTN;2007-08-24 21:20:31.610;2007-08-25 00:00:00.000;;7421725;Sätra T-bana;59.284983988839;17.921370016565
2702;Sätra;2701;59.2850250900452;17.9210564652187;A2;METROSTN;2011-02-02 18:35:39.423;2011-02-03 00:00:00.000;;7421725;Sätra T-bana;59.284983988839;17.921370016565
2711;Skärholmen;2711;59.2769904614522;17.9070656617656;A2;METROSTN;2007-08-24 21:20:31.610;2007-08-25 00:00:00.000;;7421726;Skärholmen T-bana;59.277143999969;17.907005149038
2712;Skärholmen;2711;59.276991027195;17.9070306058433;A2;METROSTN;2007-08-24 21:20:31.610;2007-08-25 00:00:00.000;;7421726;Skärholmen T-bana;59.277143999969;17.907005149038
2721;Vårberg;2721;59.2759430857953;17.8901054830832;A2;METROSTN;2007-08-24 21:20:31.610;2007-08-25 00:00:00.000;;7421727;Vårberg T-bana;59.27593318054;17.89015772082
2722;Vårberg;2721;59.2759587823708;17.8902468005146;A2;METROSTN;2007-08-24 21:20:31.610;2007-08-25 00:00:00.000;;7421727;Vårberg T-bana;59.27593318054;17.89015772082
2731;Vårby gård;2731;59.2643380475072;17.8847136838651;A2;METROSTN;2007-08-24 21:20:31.610;2007-08-25 00:00:00.000;;7421728;Vårby Gård T-bana;59.264612392837;17.884397368848
2732;Vårby gård;2731;59.2643929911593;17.8846468763025;A2;METROSTN;2007-08-24 21:20:31.610;2007-08-25 00:00:00.000;;7421728;Vårby Gård T-bana;59.264612392837;17.884397368848
2741;Masmo;2741;59.2499160692706;17.8813985689528;A2;METROSTN;2007-08-24 21:20:31.610;2007-08-25 00:00:00.000;;7421729;Masmo T-bana;59.249681551145;17.880332647642
2742;Masmo;2741;59.2499079365209;17.8813454805404;A2;METROSTN;2007-08-24 21:20:31.610;2007-08-25 00:00:00.000;;7421729;Masmo T-bana;59.249681551145;17.880332647642
2751;Fittja;2751;59.247429252089;17.8610002462009;A2;METROSTN;2007-08-24 21:20:31.610;2007-08-25 00:00:00.000;;7421730;Fittja T-bana;59.247465595997;17.860967582408
2752;Fittja;2751;59.2474643058385;17.8610549460273;A2;METROSTN;2007-08-24 21:20:31.610;2007-08-25 00:00:00.000;;7421730;Fittja T-bana;59.247465595997;17.860967582408
2761;Alby;2761;59.2393860393637;17.845444083764;A2;METROSTN;2007-08-24 21:20:31.610;2007-08-25 00:00:00.000;;7421731;Alby T-bana;59.239495519619;17.845328149431
2762;Alby;2761;59.239387137242;17.8453740463867;A2;METROSTN;2011-02-02 18:35:39.423;2011-02-03 00:00:00.000;;7421731;Alby T-bana;59.239495519619;17.845328149431
2771;Hallunda;2771;59.2433285244286;17.8252597674385;A2;METROSTN;2007-08-24 21:20:31.610;2007-08-25 00:00:00.000;;7421732;Hallunda T-bana;59.243269169298;17.825607018417
2772;Hallunda;2771;59.243328796197;17.825242255855;A2;METROSTN;2007-08-24 21:20:31.610;2007-08-25 00:00:00.000;;7421732;Hallunda T-bana;59.243269169298;17.825607018417
2781;Norsborg;2781;59.2437394272978;17.8155385869168;A2;METROSTN;2007-08-24 21:20:31.610;2007-08-25 00:00:00.000;;7469194;Sankt Albans väg;59.243431023752;17.815152565179
2811;Midsommarkransen;2811;59.3018622871846;18.0119663034061;A2;METROSTN;2007-08-24 21:20:31.610;2007-08-25 00:00:00.000;;7421715;Midsommarkransen T-bana;59.301852036025;18.012036084125
2812;Midsommarkransen;2811;59.3018796329;18.012002544268;A2;METROSTN;2007-08-24 21:20:31.610;2007-08-25 00:00:00.000;;7421715;Midsommarkransen T-bana;59.301852036025;18.012036084125
2821;Telefonplan;2821;59.2982482766524;17.9973180997947;A2;METROSTN;2007-08-24 21:20:31.610;2007-08-25 00:00:00.000;;7421716;Telefonplan T-bana;59.298321419291;17.997235229247
2822;Telefonplan;2821;59.2982563614082;17.9973712903157;A2;METROSTN;2007-08-24 21:20:31.610;2007-08-25 00:00:00.000;;7421716;Telefonplan T-bana;59.298321419291;17.997235229247
2831;Hägerstensåsen;2831;59.2951615223813;17.9784233065075;A2;METROSTN;2007-08-24 21:20:31.610;2007-08-25 00:00:00.000;;7421717;Hägerstensåsen T-bana;59.295571322578;17.979151857298
2832;Hägerstensåsen;2831;59.2951788775879;17.9784595232951;A2;METROSTN;2007-08-24 21:20:31.610;2007-08-25 00:00:00.000;;7421717;Hägerstensåsen T-bana;59.295571322578;17.979151857298
2841;Västertorp;2841;59.2913516203972;17.9667006809387;A2;METROSTN;2007-08-24 21:20:31.610;2007-08-25 00:00:00.000;;7421718;Västertorp T-bana;59.291379020025;17.966667521084
2842;Västertorp;2841;59.2913602996658;17.9667187843328;A2;METROSTN;2007-08-24 21:20:31.610;2007-08-25 00:00:00.000;;7421718;Västertorp T-bana;59.291379020025;17.966667521084
2851;Fruängen;2851;59.2867578386295;17.9648474589524;A2;METROSTN;2007-08-24 21:20:31.610;2007-08-25 00:00:00.000;;7421719;Fruängen T-bana;59.285928996301;17.965005778224
3031;Kungsträdgården;3031;59.3307821797269;18.0728892526942;A;METROSTN;2011-02-02 18:35:39.423;2011-02-03 00:00:00.000;;7421659;Kungsträdgården T-bana;59.330784032374;18.073293789425
3051;T-Centralen;1051;59.3323541868534;18.06199214397;A;METROSTN;2009-03-04 18:14:23.857;2009-03-16 00:00:00.000;;7424382;Stockholm Sergels Torg;59.332461884398;18.062509166282
3052;T-Centralen;1051;59.3323449133758;18.0620091038581;A;METROSTN;2009-03-04 18:14:23.857;2009-03-16 00:00:00.000;;7424382;Stockholm Sergels Torg;59.332461884398;18.062509166282
3131;Rådhuset;3131;59.3298618229169;18.0450969466367;A;METROSTN;2009-06-18 16:47:26.160;2009-06-19 00:00:00.000;;7446080;Kungsholmstorg;59.329282542721;18.043266579235
3132;Rådhuset;3131;59.3298558692454;18.0449208206537;A;METROSTN;2009-06-18 16:47:26.160;2009-06-19 00:00:00.000;;7446080;Kungsholmstorg;59.329282542721;18.043266579235
3151;Fridhemsplan;1151;59.3329535677766;18.0307834880695;A;METROSTN;2007-08-24 21:20:31.610;2007-08-25 00:00:00.000;;7421661;Fridhemsplan T-bana;59.334371523765;18.032405509717
3152;Fridhemsplan;1151;59.3329254596644;18.0308519497143;A;METROSTN;2007-08-24 21:20:31.610;2007-08-25 00:00:00.000;;7421661;Fridhemsplan T-bana;59.334371523765;18.032405509717
3161;Stadshagen;3161;59.3374773661919;18.015593812496;A;METROSTN;2007-08-24 21:20:31.610;2007-08-25 00:00:00.000;;7421662;Stadshagen T-bana;59.336963123377;18.017318312006
3162;Stadshagen;3161;59.3374214633517;18.0157132213507;A;METROSTN;2007-08-24 21:20:31.610;2007-08-25 00:00:00.000;;7421662;Stadshagen T-bana;59.336963123377;18.017318312006
3201;Västra skogen;3201;59.3480375379595;18.0033743796206;A1;METROSTN;2007-08-24 21:20:31.610;2007-08-25 00:00:00.000;;7421669;Västra Skogen T-bana;59.347479324979;18.003989060577
3202;Västra skogen;3201;59.3480557738398;18.003357975518;A1;METROSTN;2007-08-24 21:20:31.610;2007-08-25 00:00:00.000;;7421669;Västra Skogen T-bana;59.347479324979;18.003989060577
3204;Västra skogen;3201;59.3479729722111;18.0034757023828;A1;METROSTN;2007-08-24 21:20:31.610;2007-08-25 00:00:00.000;;7421669;Västra Skogen T-bana;59.347479324979;18.003989060577
3211;Solna centrum;3211;59.3597729578154;17.9981001818378;A1;METROSTN;2010-05-10 18:14:48.570;2010-05-17 00:00:00.000;;7421642;Solna centrum T-bana;59.358860214152;17.998973694064
3212;Solna centrum;3211;59.359588242095;17.9984048613809;A1;METROSTN;2010-05-10 18:14:48.570;2010-05-17 00:00:00.000;;7421642;Solna centrum T-bana;59.358860214152;17.998973694064
3221;Näckrosen;3221;59.3673205616153;17.9817335216129;A1;METROSTN;2007-08-24 21:20:31.610;2007-08-25 00:00:00.000;;7421668;Näckrosen T-bana;59.366737931259;17.983279715327
3222;Näckrosen;3221;59.3673023283847;17.9817499464488;A1;METROSTN;2007-08-24 21:20:31.610;2007-08-25 00:00:00.000;;7421668;Näckrosen T-bana;59.366737931259;17.983279715327
3231;Hallonbergen;3231;59.3743278170769;17.9691260920577;A1;METROSTN;2011-02-02 18:35:39.423;2011-02-03 00:00:00.000;;7421675;Hallonbergen T-bana;59.375448693055;17.96921528203
3232;Hallonbergen;3231;59.3741975713795;17.9693993326107;A1;METROSTN;2011-02-02 18:35:39.423;2011-02-03 00:00:00.000;;7421675;Hallonbergen T-bana;59.375448693055;17.96921528203
3251;Kista;3251;59.4029594412537;17.9426683336469;A1;METROSTN;2007-08-24 21:20:31.610;2007-08-25 00:00:00.000;;7412883;Kista T-bana;59.402864420607;17.942433620903
3252;Kista;3251;59.4029412128193;17.9426847964044;A1;METROSTN;2007-08-24 21:20:31.610;2007-08-25 00:00:00.000;;7412883;Kista T-bana;59.402864420607;17.942433620903
3261;Husby;3261;59.4097176326877;17.9269066053286;A1;METROSTN;2007-08-24 21:20:31.610;2007-08-25 00:00:00.000;;7421676;Husby T-bana;59.410258969146;17.925637197649
3262;Husby;3261;59.4097083764743;17.9269236406905;A1;METROSTN;2007-08-24 21:20:31.610;2007-08-25 00:00:00.000;;7421676;Husby T-bana;59.410258969146;17.925637197649
3272;Akalla;3271;59.4140350627571;17.9175933082452;A1;METROSTN;2011-02-02 18:35:39.423;2011-02-03 00:00:00.000;;7421677;Akalla T-bana;59.414812857484;17.912797350571
3411;Huvudsta;3411;59.349713220965;17.9870070274372;A1;METROSTN;2007-08-24 21:20:31.610;2007-08-25 00:00:00.000;;7445581;Huvudsta allé;59.349200800403;17.986499623909
3412;Huvudsta;3411;59.3497424817324;17.986868237458;A1;METROSTN;2007-08-24 21:20:31.610;2007-08-25 00:00:00.000;;7445581;Huvudsta allé;59.349200800403;17.986499623909
3421;Vreten;3421;59.3543425138369;17.9737982007088;A1;METROSTN;2007-08-24 21:20:31.610;2007-08-25 00:00:00.000;;7421671;Vreten T-bana;59.354186716541;17.973981916758
3422;Vreten;3421;59.3543607460881;17.9737817776915;A1;METROSTN;2007-08-24 21:20:31.610;2007-08-25 00:00:00.000;;7421671;Vreten T-bana;59.354186716541;17.973981916758
3431;Sundbybergs centrum;3431;59.3605690849103;17.9730344872151;A1;METROSTN;2007-08-24 21:20:31.610;2007-08-25 00:00:00.000;;7421672;Sundbyberg centrum T-bana;59.360896958382;17.972211328269
3432;Sundbybergs centrum;3431;59.3604973242765;17.9730299115308;A1;METROSTN;2007-08-24 21:20:31.610;2007-08-25 00:00:00.000;;7421672;Sundbyberg centrum T-bana;59.360896958382;17.972211328269
3441;Duvbo;3441;59.3680793953682;17.9630809873388;A1;METROSTN;2007-08-24 21:20:31.610;2007-08-25 00:00:00.000;;7421673;Duvbo T-bana;59.367892251205;17.964617467634
3442;Duvbo;3441;59.3681560976679;17.9627867800209;A1;METROSTN;2007-08-24 21:20:31.610;2007-08-25 00:00:00.000;;7421673;Duvbo T-bana;59.367892251205;17.964617467634
3451;Rissne;3451;59.3759873132581;17.9397923648686;A1;METROSTN;2007-08-24 21:20:31.610;2007-08-25 00:00:00.000;;7421674;Rissne T-bana;59.375840820683;17.939959337674
3452;Rissne;3451;59.3759780554351;17.9398093799617;A1;METROSTN;2007-08-24 21:20:31.610;2007-08-25 00:00:00.000;;7421674;Rissne T-bana;59.375840820683;17.939959337674
3461;Rinkeby;3461;59.388129807756;17.9280926120224;A1;METROSTN;2011-02-02 18:35:39.423;2011-02-03 00:00:00.000;;7421679;Rinkeby T-bana;59.388163409678;17.928781437119
3462;Rinkeby;3461;59.3881110090536;17.9281442457148;A1;METROSTN;2011-02-02 18:35:39.423;2011-02-03 00:00:00.000;;7421679;Rinkeby T-bana;59.388163409678;17.928781437119
3464;Rinkeby;3461;59.3882307692602;17.9279580991041;A1;METROSTN;2011-02-02 18:35:39.423;2011-02-03 00:00:00.000;;7421679;Rinkeby T-bana;59.388163409678;17.928781437119
3471;Tensta;3471;59.394286817746;17.9027198958008;A1;METROSTN;2007-08-24 21:20:31.610;2007-08-25 00:00:00.000;;7412885;Tensta T-bana;59.394482308056;17.901165240329
3472;Tensta;3471;59.3943159900127;17.9025808499084;A1;METROSTN;2007-08-24 21:20:31.610;2007-08-25 00:00:00.000;;7412885;Tensta T-bana;59.394482308056;17.901165240329
3482;Hjulsta;3481;59.396728721699;17.8887321622398;A1;METROSTN;2011-02-02 18:35:39.423;2011-02-03 00:00:00.000;;7421678;Hjulsta T-bana;59.396170233682;17.887712113031
4201;Alvik;4201;59.3335973571802;17.9804025430214;A1;TRAMSTN;2010-04-27 10:29:43.230;2010-04-28 00:00:00.000;;7420755;Alvik T-bana;59.333635487854;17.980264589475
4202;Alvik;4201;59.3335973571802;17.9804025430214;A1;TRAMSTN;2010-04-27 10:29:43.230;2010-04-28 00:00:00.000;;7420755;Alvik T-bana;59.333635487854;17.980264589475
4301;Sergels torg;4301;59.3326597317466;18.066124949667;A;TRAMSTN;2010-07-26 10:27:44.810;2010-07-27 00:00:00.000;;7435997;Stockholm Sergels Torg Spårv;59.332659638768;18.066125153342
4302;Kungsträdgården;4303;59.3327959440814;18.0701762653052;A;TRAMSTN;2010-07-26 10:27:44.810;2010-07-27 00:00:00.000;;7437355;Stockholm Kungsträdgården;59.332785906101;18.07126546227
4303;Kungsträdgården;4303;59.3327890504309;18.0710897108865;A;TRAMSTN;2010-07-26 10:27:44.810;2010-07-27 00:00:00.000;;7437355;Stockholm Kungsträdgården;59.332785906101;18.07126546227
4304;Nybroplan;4305;59.3328430599549;18.0762428196738;A;TRAMSTN;2010-07-26 10:27:44.810;2010-07-27 00:00:00.000;;7419408;Stockholm Nybroplan;59.332729828004;18.076551825215
4305;Nybroplan;4305;59.3326161695175;18.076895530545;A;TRAMSTN;2010-07-26 10:27:44.810;2010-07-27 00:00:00.000;;7419408;Stockholm Nybroplan;59.332729828004;18.076551825215
4306;Styrmansgatan;4307;59.3316696573716;18.0837918809351;A;TRAMSTN;2010-07-26 10:27:44.810;2010-07-27 00:00:00.000;;7446065;Stockholm Styrmansgatan;59.331583078301;18.084629872421
4307;Styrmansgatan;4307;59.3314963728277;18.0854850060733;A;TRAMSTN;2010-07-26 10:27:44.810;2010-07-27 00:00:00.000;;7446065;Stockholm Styrmansgatan;59.331583078301;18.084629872421
4308;Djurgårdsbron;4309;59.3319022090746;18.0920499969024;A;TRAMSTN;2010-07-26 10:27:44.810;2010-07-27 00:00:00.000;;7446036;Stockholm Djurgårdsbron;59.331823040543;18.093486013901
4309;Djurgårdsbron;4309;59.3317862610786;18.0925167227936;A;TRAMSTN;2010-07-26 10:27:44.810;2010-07-27 00:00:00.000;;7446036;Stockholm Djurgårdsbron;59.331823040543;18.093486013901
4310;Nordiska museet/Vasamuseet;4311;59.3295379111757;18.0952652662512;A;TRAMSTN;2010-07-26 10:27:44.810;2010-07-27 00:00:00.000;;7446031;Stockholm Nordiska museet/Vasa;59.329291019217;18.095512466591
4311;Nordiska museet/Vasamuseet;4311;59.3290353434821;18.0957586524112;A;TRAMSTN;2010-07-26 10:27:44.810;2010-07-27 00:00:00.000;;7446031;Stockholm Nordiska museet/Vasa;59.329291019217;18.095512466591
4312;Liljevalchs/Gröna Lund;4313;59.32547549543;18.0969951281514;A;TRAMSTN;2010-07-26 10:27:44.810;2010-07-27 00:00:00.000;;7418282;Stockholm Liljevalc Gröna Lund;59.325248390724;18.097138191437
4313;Liljevalchs/Gröna Lund;4313;59.3250121939386;18.0972977920602;A;TRAMSTN;2010-07-26 10:27:44.810;2010-07-27 00:00:00.000;;7418282;Stockholm Liljevalc Gröna Lund;59.325248390724;18.097138191437
4314;Skansen;4315;59.3241564587754;18.0994892391316;A;TRAMSTN;2010-07-26 10:27:44.810;2010-07-27 00:00:00.000;;7418281;Stockholm Skansen;59.324006077977;18.101394523435
4315;Skansen;4315;59.3237497730349;18.1016757269617;A;TRAMSTN;2010-07-26 10:27:44.810;2010-07-27 00:00:00.000;;7418281;Stockholm Skansen;59.324006077977;18.101394523435
4316;Djurgårdsskolan;4317;59.3232295187303;18.1052074129212;A;TRAMSTN;2010-07-26 10:27:44.810;2010-07-27 00:00:00.000;;7446066;Stockholm Djurgårdsskolan;59.323252009362;18.104945586883
4317;Djurgårdsskolan;4317;59.323238498643;18.1046984793968;A;TRAMSTN;2010-07-26 10:27:44.810;2010-07-27 00:00:00.000;;7446066;Stockholm Djurgårdsskolan;59.323252009362;18.104945586883
4318;Bellmansro;4318;59.3240062172457;18.1105486853898;A;TRAMSTN;2010-07-26 10:27:44.810;2010-07-27 00:00:00.000;;7446067;Stockholm Bellmansro;59.324006434596;18.110531339309
4319;Waldemarsudde;4319;59.3226443696371;18.1113876857533;A;TRAMSTN;2010-07-26 10:27:44.810;2010-07-27 00:00:00.000;;7418280;Stockholm Waldemarsudde;59.322644587093;18.111370340378
4320;Skansenslingan;4320;59.3240142128287;18.1014475743467;A;TRAMSTN;2010-08-17 14:47:18.740;2010-08-23 00:00:00.000;;7418281;Stockholm Skansen;59.324006077977;18.101394523435
4411;Alléparken;4411;59.3292250220518;17.9744295845585;A1;TRAMSTN;2007-08-24 21:20:31.610;2007-08-25 00:00:00.000;;7424814;Äppelviken Alléparken Spårv;59.32911219747;17.973649408441
4412;Alléparken;4411;59.328773095495;17.9740669094009;A1;TRAMSTN;2007-08-24 21:20:31.610;2007-08-25 00:00:00.000;;7424814;Äppelviken Alléparken Spårv;59.32911219747;17.973649408441
4421;Klövervägen;4421;59.3251404887673;17.9738179242133;A1;TRAMSTN;2007-08-24 21:20:31.610;2007-08-25 00:00:00.000;;7424815;Äppelviken Klövervägen;59.325004968047;17.973862213055
4422;Klövervägen;4421;59.3248424306353;17.9739219322018;A1;TRAMSTN;2007-08-24 21:20:31.610;2007-08-25 00:00:00.000;;7424815;Äppelviken Klövervägen;59.325004968047;17.973862213055
4431;Smedslätten;4431;59.3208665125943;17.9646034390671;A1;TRAMSTN;2007-08-24 21:20:31.610;2007-08-25 00:00:00.000;;7424816;Smedslätten Spårv;59.320897400544;17.964359650451
4432;Smedslätten;4431;59.3209278923626;17.9641505542521;A1;TRAMSTN;2007-08-24 21:20:31.610;2007-08-25 00:00:00.000;;7424816;Smedslätten Spårv;59.320897400544;17.964359650451
4441;Ålstensgatan;4441;59.3234917025749;17.9568108743947;A1;TRAMSTN;2007-08-24 21:20:31.610;2007-08-25 00:00:00.000;;7424817;Ålsten Ålstensgatan Spårv;59.32344329237;17.956474202045
4442;Ålstensgatan;4441;59.3233858071033;17.9561541082662;A1;TRAMSTN;2007-08-24 21:20:31.610;2007-08-25 00:00:00.000;;7424817;Ålsten Ålstensgatan Spårv;59.32344329237;17.956474202045
4451;Ålstens gård;4451;59.3206756333928;17.95224089697;A1;TRAMSTN;2007-08-24 21:20:31.610;2007-08-25 00:00:00.000;;7401167;Ålsten Ålstens gård Spårv;59.320606380149;17.95207862678
4452;Ålstens gård;4451;59.3205277640143;17.951950484532;A1;TRAMSTN;2007-08-24 21:20:31.610;2007-08-25 00:00:00.000;;7401167;Ålsten Ålstens gård Spårv;59.320606380149;17.95207862678
4461;Höglandstorget;4461;59.3231961276225;17.9403823420626;A1;TRAMSTN;2007-08-24 21:20:31.610;2007-08-25 00:00:00.000;;7424818;Höglandstorget Spårv;59.323318685883;17.940021278214
4462;Höglandstorget;4461;59.3234318836432;17.9396943454713;A1;TRAMSTN;2007-08-24 21:20:31.610;2007-08-25 00:00:00.000;;7424818;Höglandstorget Spårv;59.323318685883;17.940021278214
4471;Olovslund;4471;59.3278852060001;17.9353346048287;A1;TRAMSTN;2007-08-24 21:20:31.610;2007-08-25 00:00:00.000;;7424819;Olovslund Spårv;59.327904774822;17.935230607792
4472;Olovslund;4471;59.3279242423475;17.9351437575151;A1;TRAMSTN;2007-08-24 21:20:31.610;2007-08-25 00:00:00.000;;7424819;Olovslund Spårv;59.327904774822;17.935230607792
4481;Nockeby torg;4481;59.3289367779405;17.928670209951;A1;TRAMSTN;2007-08-24 21:20:31.610;2007-08-25 00:00:00.000;;7424820;Nockeby torg Spårv;59.32898754116;17.928304567037
4482;Nockeby torg;4481;59.3290468876341;17.92797418444;A1;TRAMSTN;2007-08-24 21:20:31.610;2007-08-25 00:00:00.000;;7424820;Nockeby torg Spårv;59.32898754116;17.928304567037
4492;Nockeby;4491;59.3287565070352;17.9187658315764;A1;TRAMSTN;2007-08-24 21:20:31.610;2007-08-25 00:00:00.000;;7401181;Nockeby Spårv;59.328640652317;17.918706131627
4501;Gullmarsplan;4501;59.2994195430773;18.0803710144139;A2;TRAMSTN;2007-08-24 21:20:31.610;2007-08-25 00:00:00.000;;7421705;Gullmarsplan T-bana;59.299116105095;18.080772352376
4502;Gullmarsplan;4501;59.2995651990996;18.0802578328583;A2;TRAMSTN;2007-08-24 21:20:31.610;2007-08-25 00:00:00.000;;7421705;Gullmarsplan T-bana;59.299116105095;18.080772352376
4503;Globen;4503;59.2940336897625;18.0761318271569;A2;TRAMSTN;2007-08-24 21:20:31.610;2007-08-25 00:00:00.000;;7446254;Slakthuset (Globen);59.293433645209;18.075003663002
4504;Globen;4503;59.2942145094467;18.0770918553744;A2;TRAMSTN;2007-08-24 21:20:31.610;2007-08-25 00:00:00.000;;7421706;Globen T-bana;59.294279848735;18.077974182502
4505;Linde;4505;59.2932950921087;18.0638645512161;A2;TRAMSTN;2007-08-24 21:20:31.610;2007-08-25 00:00:00.000;;7424918;Årsta Linde Spårv;59.293263072734;18.06363442882
4506;Linde;4505;59.2932312390109;18.063403899937;A2;TRAMSTN;2007-08-24 21:20:31.610;2007-08-25 00:00:00.000;;7424918;Årsta Linde Spårv;59.293263072734;18.06363442882
4507;Valla torg;4507;59.2951049038666;18.0479913731729;A2;TRAMSTN;2007-08-24 21:20:31.610;2007-08-25 00:00:00.000;;7424684;Årsta Valla Torg Spårv;59.29501653528;18.048424654637
4508;Valla torg;4507;59.2949187775355;18.0488920075757;A2;TRAMSTN;2007-08-24 21:20:31.610;2007-08-25 00:00:00.000;;7424684;Årsta Valla Torg Spårv;59.29501653528;18.048424654637
4509;Årstafältet;4509;59.296342402874;18.0392069645897;A2;TRAMSTN;2007-08-24 21:20:31.610;2007-08-25 00:00:00.000;;7424919;Årsta Årstafältet Spårv;59.296342557848;18.039716310966
4510;Årstafältet;4509;59.2963428968146;18.0402252504186;A2;TRAMSTN;2007-08-24 21:20:31.610;2007-08-25 00:00:00.000;;7424919;Årsta Årstafältet Spårv;59.296342557848;18.039716310966
4511;Årstaberg;4511;59.2994731724312;18.0294218729794;A2;TRAMSTN;2007-08-24 21:20:31.610;2007-08-25 00:00:00.000;;7424920;Årstaberg station;59.299234759068;18.030231726386
4512;Årstaberg;4511;59.2990234698427;18.0299894757855;A2;TRAMSTN;2007-08-24 21:20:31.610;2007-08-25 00:00:00.000;;7424920;Årstaberg station;59.299234759068;18.030231726386
4513;Årstadal;4513;59.3059434515144;18.0254540071277;A2;TRAMSTN;2007-08-24 21:20:31.610;2007-08-25 00:00:00.000;;7424921;Årsta Årstadal Spårv;59.30649829301;18.025560618779
4514;Årstadal;4513;59.305707545525;18.0255966819434;A2;TRAMSTN;2007-08-24 21:20:31.610;2007-08-25 00:00:00.000;;7424921;Årsta Årstadal Spårv;59.30649829301;18.025560618779
4515;Liljeholmen;4515;59.310615235291;18.0247925091447;A2;TRAMSTN;2010-09-24 10:35:59.507;2010-10-11 00:00:00.000;;7404046;Liljeholmen T-bana;59.310706308603;18.023130128739
4516;Liljeholmen;4515;59.3105966979691;18.0248264280109;A2;TRAMSTN;2010-09-24 10:35:59.507;2010-10-11 00:00:00.000;;7404046;Liljeholmen T-bana;59.310706308603;18.023130128739
4517;Trekanten;4517;59.3142002243139;18.0178068314706;A2;TRAMSTN;2007-08-24 21:20:31.610;2007-08-25 00:00:00.000;;7424922;Liljeholmen Trekanten Spårv;59.314069488655;18.018097155149
4518;Trekanten;4517;59.3139317863056;18.0188081659522;A2;TRAMSTN;2007-08-24 21:20:31.610;2007-08-25 00:00:00.000;;7424922;Liljeholmen Trekanten Spårv;59.314069488655;18.018097155149
4519;Gröndal;4519;59.3159045505856;18.0115586470004;A2;TRAMSTN;2007-08-24 21:20:31.610;2007-08-25 00:00:00.000;;7424923;Gröndal Spårv;59.315283731273;18.008971613128
4520;Gröndal;4519;59.3159437556544;18.0118949416732;A2;TRAMSTN;2007-08-24 21:20:31.610;2007-08-25 00:00:00.000;;7424923;Gröndal Spårv;59.315283731273;18.008971613128
4521;Stora Essingen;4521;59.3248825766073;17.9924789378072;A;TRAMSTN;2007-08-24 21:20:31.610;2007-08-25 00:00:00.000;;7424924;Stockholm Stora Essingen;59.324775271736;17.99298179804
4522;Stora Essingen;4521;59.3246678560578;17.9935017994926;A;TRAMSTN;2007-08-24 21:20:31.610;2007-08-25 00:00:00.000;;7424924;Stockholm Stora Essingen;59.324775271736;17.99298179804
4523;Alviks strand;4523;59.3290095016667;17.9819720704551;A1;TRAMSTN;2007-08-24 21:20:31.610;2007-08-25 00:00:00.000;;7424925;Alvik Strand Spårv;59.328900888627;17.982018052308
4524;Alviks strand;4523;59.3287921681693;17.9820811805403;A1;TRAMSTN;2007-08-24 21:20:31.610;2007-08-25 00:00:00.000;;7424925;Alvik Strand Spårv;59.328900888627;17.982018052308
4525;Alvik;4525;59.3337079270797;17.9802338593042;A1;TRAMSTN;2010-10-18 10:24:43.303;2010-10-19 00:00:00.000;;7420755;Alvik T-bana;59.333635487854;17.980264589475
4526;Alvik;4525;59.333475876693;17.980148730121;A1;TRAMSTN;2010-10-18 10:24:43.303;2010-10-19 00:00:00.000;;7420755;Alvik T-bana;59.333635487854;17.980264589475
4527;Mårtensdal;4527;59.3025790569857;18.0876409192817;A2;TRAMSTN;2007-08-24 21:20:31.610;2007-08-25 00:00:00.000;;7424928;Stockholm Mårtensdal;59.302687577438;18.088104948994
4528;Mårtensdal;4527;59.3027718329348;18.0884264586265;A2;TRAMSTN;2007-08-24 21:20:31.610;2007-08-25 00:00:00.000;;7424928;Stockholm Mårtensdal;59.302687577438;18.088104948994
4529;Luma;4529;59.3042028738189;18.0954060506687;A2;TRAMSTN;2007-08-24 21:20:31.610;2007-08-25 00:00:00.000;;7424929;Stockholm Luma;59.304176516792;18.095878621192
4530;Luma;4529;59.3041413747755;18.0963501806968;A2;TRAMSTN;2007-08-24 21:20:31.610;2007-08-25 00:00:00.000;;7424929;Stockholm Luma;59.304176516792;18.095878621192
4531;Sickla kaj;4531;59.3026597260953;18.1034851494329;A2;TRAMSTN;2007-08-24 21:20:31.610;2007-08-25 00:00:00.000;;7424926;Stockholm Sickla Kaj;59.302774068943;18.103615990217
4532;Sickla kaj;4531;59.3028793190177;18.1037633586763;A2;TRAMSTN;2007-08-24 21:20:31.610;2007-08-25 00:00:00.000;;7424926;Stockholm Sickla Kaj;59.302774068943;18.103615990217
4533;Sickla udde;4533;59.3062921980985;18.1083137716209;A2;TRAMSTN;2007-08-24 21:20:31.610;2007-08-25 00:00:00.000;;7438313;Båtbyggargatan;59.306456963357;18.108131941229
4534;Sickla udde;4533;59.306212976824;18.1092391801354;A2;TRAMSTN;2007-08-24 21:20:31.610;2007-08-25 00:00:00.000;;7424927;Stockholm Sickla Udde;59.306248165595;18.108767606466
5013;Stockholms central;5011;59.329347141681;18.0577684976705;A;RAILWSTN;2010-09-13 08:48:35.030;2010-09-14 00:00:00.000;;7400001;Stockholm Centralstation;59.329958324275;18.057211653979
5014;Stockholms central;5011;59.3293653842191;18.0577521316661;A;RAILWSTN;2010-09-13 08:48:35.030;2010-09-14 00:00:00.000;;7400001;Stockholm Centralstation;59.329958324275;18.057211653979
5021;Karlberg;5021;59.3395583709119;18.0294576555606;A;RAILWSTN;2010-01-22 08:10:33.830;2010-01-23 00:00:00.000;;7400712;Karlberg station;59.33972958496;18.029943675489
5022;Karlberg;5021;59.3395209941198;18.0295431038538;A;RAILWSTN;2010-01-22 08:10:33.830;2010-01-23 00:00:00.000;;7400712;Karlberg station;59.33972958496;18.029943675489
5031;Solna;5031;59.3651107083714;18.0101252346119;A1;RAILWSTN;2010-11-01 18:42:14.097;2010-11-02 00:00:00.000;;7400759;Solna station;59.365103130696;18.010036995605
5032;Solna;5031;59.3651196782226;18.0101258164653;A1;RAILWSTN;2010-11-01 18:42:14.097;2010-11-02 00:00:00.000;;7400759;Solna station;59.365103130696;18.010036995605
5041;Ulriksdal;5041;59.3798912887287;18.0010706232631;A1;RAILWSTN;2010-09-13 08:48:35.030;2010-09-14 00:00:00.000;;7400781;Ulriksdal station;59.380748858655;18.000263891322
5042;Ulriksdal;5041;59.379909228499;18.0010717828727;A1;RAILWSTN;2010-09-13 08:48:35.030;2010-09-14 00:00:00.000;;7400781;Ulriksdal station;59.380748858655;18.000263891322
5051;Helenelund;5051;59.4094211371719;17.9619929161537;B1;RAILWSTN;2010-06-23 09:37:45.327;2010-06-24 00:00:00.000;;7400701;Helenelund station;59.409635203196;17.96153114697
5052;Helenelund;5051;59.4093843848799;17.9620434225678;B1;RAILWSTN;2010-01-22 08:10:33.830;2010-01-23 00:00:00.000;;7400701;Helenelund station;59.409635203196;17.96153114697
5061;Sollentuna;5061;59.4280188336013;17.9488300075911;B1;RAILWSTN;2010-06-08 17:45:05.227;2010-06-25 00:00:00.000;;7400758;Sollentuna station;59.428848889345;17.948036734096
5062;Sollentuna;5061;59.4280006044044;17.9488464788911;B1;RAILWSTN;2010-06-08 17:45:05.227;2010-06-25 00:00:00.000;;7400758;Sollentuna station;59.428848889345;17.948036734096
5071;Häggvik;5071;59.443557835351;17.9331684894217;B1;RAILWSTN;2010-01-22 08:10:33.830;2010-01-23 00:00:00.000;;7400703;Häggvik station;59.444371578503;17.932267663174
5072;Häggvik;5071;59.4435396080801;17.9331849765643;B1;RAILWSTN;2010-01-22 08:10:33.830;2010-01-23 00:00:00.000;;7400703;Häggvik station;59.444371578503;17.932267663174
5081;Norrviken;5081;59.4580196491889;17.9245695307732;B1;RAILWSTN;2010-06-23 09:37:45.327;2010-06-24 00:00:00.000;;7400718;Norrviken station;59.458221473442;17.924300141069
5082;Norrviken;5081;59.4579745122909;17.9245843453906;B1;RAILWSTN;2010-01-22 08:10:33.830;2010-01-23 00:00:00.000;;7400718;Norrviken station;59.458221473442;17.924300141069
5091;Rotebro;5091;59.4765698922675;17.9140828578169;B1;RAILWSTN;2010-01-22 08:10:33.830;2010-01-23 00:00:00.000;;7400623;Rotebro station;59.476404068808;17.914337466412
5092;Rotebro;5091;59.4765606376078;17.9140999299787;B1;RAILWSTN;2010-01-22 08:10:33.830;2010-01-23 00:00:00.000;;7400623;Rotebro station;59.476404068808;17.914337466412
5101;Upplands Väsby;5101;59.5215479917558;17.8994827972768;B1;RAILWSTN;2010-11-01 18:42:14.097;2010-11-02 00:00:00.000;;7400782;Upplands Väsby station;59.521850911007;17.899625494268
5102;Upplands Väsby;5101;59.5216012483494;17.8995214435553;B1;RAILWSTN;2010-04-15 10:16:23.257;2010-04-16 00:00:00.000;;7400782;Upplands Väsby station;59.521850911007;17.899625494268
5103;Upplands Väsby;5101;59.5223482524936;17.8999742284359;B1;RAILWSTN;2010-11-02 13:02:24.200;2010-11-03 00:00:00.000;;7400782;Upplands Väsby station;59.521850911007;17.899625494268
5104;Upplands Väsby;5101;59.5210675518058;17.899205604475;B1;RAILWSTN;2010-11-02 13:02:24.200;2010-11-03 00:00:00.000;;7411413;Upplands Väsby stn västra;59.521710282162;17.898874535227
5111;Rosersberg;5111;59.5830381899872;17.8802340414715;C1;RAILWSTN;2010-01-22 08:10:33.830;2010-01-23 00:00:00.000;;7400739;Rosersberg station;59.583376161497;17.879865561013
5112;Rosersberg;5111;59.5830292196774;17.8802334891219;C1;RAILWSTN;2010-01-22 08:10:33.830;2010-01-23 00:00:00.000;;7400739;Rosersberg station;59.583376161497;17.879865561013
5121;Märsta;5121;59.6276624203083;17.8609502859157;C1;RAILWSTN;2011-06-17 09:58:22.807;2010-06-25 00:00:00.000;;7400027;Märsta station;59.628181581827;17.861620436508
5122;Märsta;5121;59.6277072720936;17.8609530268822;C1;RAILWSTN;2011-06-17 09:58:22.807;2010-10-23 00:00:00.000;;7400027;Märsta station;59.628181581827;17.861620436508
5133;Stockholms södra;5131;59.3136229522489;18.0619453266008;A;RAILWSTN;2010-01-22 08:10:33.830;2010-01-23 00:00:00.000;;7446170;Fatbursgatan;59.314414615219;18.061857467628
5134;Stockholms södra;5131;59.3136148941269;18.0618920972919;A;RAILWSTN;2010-01-22 08:10:33.830;2010-01-23 00:00:00.000;;7446170;Fatbursgatan;59.314414615219;18.061857467628
5135;Årstaberg;5135;59.2993431404111;18.0275698409097;A2;RAILWSTN;2010-01-22 08:10:33.830;2010-01-23 00:00:00.000;;7424920;Årstaberg station;59.299234759068;18.030231726386
5136;Årstaberg;5135;59.3000263196058;18.029106816211;A2;RAILWSTN;2010-01-22 08:10:33.830;2010-01-23 00:00:00.000;;7424920;Årstaberg station;59.299234759068;18.030231726386
5141;Älvsjö;5141;59.2785257457453;18.0102632742552;A2;RAILWSTN;2010-01-22 08:10:33.830;2010-01-23 00:00:00.000;;7400789;Älvsjö station;59.278736544983;18.011066720105
5142;Älvsjö;5141;59.2785858645281;18.0104250818451;A2;RAILWSTN;2010-01-22 08:10:33.830;2010-01-23 00:00:00.000;;7400789;Älvsjö station;59.278736544983;18.011066720105
5143;Älvsjö;5141;59.2785427953723;18.0103170167533;A2;RAILWSTN;2010-01-22 08:10:33.830;2010-01-23 00:00:00.000;;7400789;Älvsjö station;59.278736544983;18.011066720105
5144;Älvsjö;5141;59.2785858645281;18.0104250818451;A2;RAILWSTN;2010-01-22 08:10:33.830;2010-01-23 00:00:00.000;;7400789;Älvsjö station;59.278736544983;18.011066720105
5151;Stuvsta;5151;59.2532754353975;17.9958502364311;B2;RAILWSTN;2010-04-15 06:44:37.043;2010-04-16 00:00:00.000;;7400772;Stuvsta station;59.25322329032;17.995741897998
5152;Stuvsta;5151;59.2532844054896;17.9958508119556;B2;RAILWSTN;2010-04-15 06:44:37.043;2010-04-16 00:00:00.000;;7400772;Stuvsta station;59.25322329032;17.995741897998
5161;Huddinge;5161;59.2374139677407;17.9805147945587;B2;RAILWSTN;2010-04-15 06:44:37.043;2010-04-16 00:00:00.000;;7400702;Huddinge station;59.237274448177;17.980260765073
5162;Huddinge;5161;59.2373789648285;17.9804599896293;B2;RAILWSTN;2010-04-15 06:44:37.043;2010-04-16 00:00:00.000;;7400702;Huddinge station;59.237274448177;17.980260765073
5171;Flemingsberg;5171;59.2190463434202;17.9472043350528;B2;RAILWSTN;2010-04-15 06:44:37.043;2010-04-16 00:00:00.000;;7445549;Flemingsberg stn viadukten;59.219528484065;17.949546873948
5172;Flemingsberg;5171;59.2190113260131;17.9471495938133;B2;RAILWSTN;2010-04-15 06:44:37.043;2010-04-16 00:00:00.000;;7400031;Flemingsberg station;59.217957820879;17.945682584352
5181;Tullinge;5181;59.205413025149;17.9038219185158;B2;RAILWSTN;2010-11-01 18:42:14.097;2010-11-02 00:00:00.000;;7445541;Tullinge station södra;59.205269056919;17.904391077526
5182;Tullinge;5181;59.2054046189068;17.9037863856088;B2;RAILWSTN;2010-04-15 06:44:37.043;2010-04-16 00:00:00.000;;7445541;Tullinge station södra;59.205269056919;17.904391077526
5191;Tumba;5191;59.1996766395195;17.8364240103275;B2;RAILWSTN;2010-11-05 12:41:37.673;2010-12-12 00:00:00.000;;7400776;Tumba station;59.199733418448;17.835657353058
5192;Tumba;5191;59.1996728151951;17.8366688579298;B2;RAILWSTN;2010-11-05 12:41:37.673;2010-12-12 00:00:00.000;;7400776;Tumba station;59.199733418448;17.835657353058
5193;Tumba;5191;59.1995955356598;17.8375920507394;B2;RAILWSTN;2010-11-05 12:41:37.673;2010-12-12 00:00:00.000;;7400776;Tumba station;59.199733418448;17.835657353058
5194;Tumba;5191;59.1996577866015;17.8376307586002;B2;RAILWSTN;2010-11-05 12:41:37.673;2010-12-12 00:00:00.000;;7400776;Tumba station;59.199733418448;17.835657353058
5201;Rönninge;5201;59.1935949554098;17.7514584179411;B2;RAILWSTN;2010-04-15 06:44:37.043;2010-04-16 00:00:00.000;;7400748;Rönninge station;59.19360726162;17.749429117739
5202;Rönninge;5201;59.1935933851324;17.7515633393905;B2;RAILWSTN;2010-04-15 06:44:37.043;2010-04-16 00:00:00.000;;7400748;Rönninge station;59.19360726162;17.749429117739
5211;Östertälje;5211;59.1837857295933;17.6614585012148;C2;RAILWSTN;2010-04-15 06:44:37.043;2010-04-16 00:00:00.000;;7400791;Östertälje station;59.184407720148;17.66002270492
5212;Östertälje;5211;59.1837859791684;17.6614410184043;C2;RAILWSTN;2010-04-15 06:44:37.043;2010-04-16 00:00:00.000;;7400791;Östertälje station;59.184407720148;17.66002270492
5221;Södertälje hamn;5221;59.1789721396199;17.6463628503422;C2;RAILWSTN;2010-10-20 17:28:47.073;2010-10-21 00:00:00.000;;7400049;Södertälje hamn station;59.179301787582;17.646538223024
5222;Södertälje hamn;5221;59.1790812902425;17.6462637543056;C2;RAILWSTN;2010-10-20 17:28:47.073;2010-10-21 00:00:00.000;;7400049;Södertälje hamn station;59.179301787582;17.646538223024
5223;Södertälje hamn;5221;59.1789629199635;17.6463798485653;C2;RAILWSTN;2010-10-20 17:28:47.073;2010-10-21 00:00:00.000;;7400049;Södertälje hamn station;59.179301787582;17.646538223024
5224;Södertälje hamn;5221;59.1791361130393;17.6461967254658;C2;RAILWSTN;2010-10-20 17:28:47.073;2010-10-21 00:00:00.000;;7400049;Södertälje hamn station;59.179301787582;17.646538223024
5231;Södertälje centrum;5231;59.1921354249212;17.6272251692757;C2;RAILWSTN;2010-07-02 10:16:41.680;2010-07-03 00:00:00.000;;7400721;Södertälje centrum station;59.192463720887;17.626857835413
5232;Södertälje centrum;5231;59.1920352607358;17.6273248408558;C2;RAILWSTN;2010-10-22 10:13:03.873;2010-10-23 00:00:00.000;;7400721;Södertälje centrum station;59.192463720887;17.626857835413
5233;Södertälje centrum;5231;59.1920352607358;17.6273248408558;C2;RAILWSTN;2010-04-15 06:44:37.043;2010-04-16 00:00:00.000;;7400721;Södertälje centrum station;59.192463720887;17.626857835413
5234;Södertälje centrum;5231;59.1920626673403;17.6272912987104;C2;RAILWSTN;2010-10-27 10:21:32.260;2010-10-28 00:00:00.000;;7400721;Södertälje centrum station;59.192463720887;17.626857835413
5241;Södertälje syd;5241;59.1622934676294;17.64352598009;C2;RAILWSTN;2010-04-15 06:44:37.043;2010-04-16 00:00:00.000;;7400055;Södertälje Syd station;59.162410969893;17.645368449917
